City_ID,City,Country,Date,Lat,Lng,Max Temp,Humidity,Cloudiness,Wind Speed
0,Talnakh,RU,2021-10-22 04:40:14,69.4865,88.3972,17.76,97,95,1.45
1,Kapaa,US,2021-10-22 04:40:15,22.0752,-159.319,80.58,82,75,14.97
2,Maragogi,BR,2021-10-22 04:36:53,-9.0122,-35.2225,75.72,90,83,6.26
3,Busselton,AU,2021-10-22 04:40:15,-33.65,115.3333,69.04,51,8,10.85
4,Saldanha,ZA,2021-10-22 04:40:16,-33.0117,17.9442,59.05,82,100,20.36
5,Torrington,US,2021-10-22 04:40:16,41.8007,-73.1212,63.14,95,12,7.29
6,Labuan,MY,2021-10-22 04:40:17,5.2767,115.2417,86.36,70,20,3.0
7,Oistins,BB,2021-10-22 04:40:17,13.0667,-59.5333,82.49,74,75,21.85
8,Ushuaia,AR,2021-10-22 04:40:18,-54.8,-68.3,37.06,87,40,5.75
9,Yantai,CN,2021-10-22 04:40:18,37.5333,121.4,58.06,48,9,14.38
10,Bahar,IR,2021-10-22 04:40:19,34.9072,48.4414,35.76,69,0,0.0
11,Edson,CA,2021-10-22 04:36:58,53.5835,-116.4356,44.74,70,1,5.75
12,Albany,US,2021-10-22 04:35:26,42.6001,-73.9662,62.8,82,60,6.11
13,Juneau,US,2021-10-22 04:40:20,58.3019,-134.4197,44.6,97,90,4.61
14,Severo-Kurilsk,RU,2021-10-22 04:40:20,50.6789,156.125,39.72,65,94,10.63
15,Port Elizabeth,ZA,2021-10-22 04:40:21,-33.918,25.5701,64.69,88,0,9.22
16,Huarmey,PE,2021-10-22 04:40:21,-10.0681,-78.1522,63.43,87,89,8.25
17,Rikitea,PF,2021-10-22 04:40:22,-23.1203,-134.9692,74.01,81,83,23.53
18,Barrow,US,2021-10-22 04:40:22,71.2906,-156.7887,28.42,93,90,8.05
19,Punta Arenas,CL,2021-10-22 04:40:22,-53.15,-70.9167,42.91,65,75,10.36
20,Buchanan,LR,2021-10-22 04:40:23,5.8808,-10.0467,76.69,86,100,2.71
21,Luderitz,NA,2021-10-22 04:40:23,-26.6481,15.1594,55.76,84,21,9.64
22,Palmer,US,2021-10-22 04:40:24,42.1584,-72.3287,61.41,82,90,6.91
23,Castro,BR,2021-10-22 04:40:06,-24.7911,-50.0119,49.57,94,2,2.19
24,Tasiilaq,GL,2021-10-22 04:40:25,65.6145,-37.6368,35.76,70,100,4.88
25,Bredasdorp,ZA,2021-10-22 04:40:25,-34.5322,20.0403,57.27,69,86,7.56
26,Mataura,NZ,2021-10-22 04:40:26,-46.1927,168.8643,66.72,42,0,2.24
27,East London,ZA,2021-10-22 04:40:26,-33.0153,27.9116,67.14,94,0,6.91
28,Jamestown,US,2021-10-22 04:35:41,42.097,-79.2353,55.71,93,90,7.0
29,Provideniya,RU,2021-10-22 04:40:27,64.3833,-173.3,28.51,64,0,13.42
30,Bandarbeyla,SO,2021-10-22 04:40:27,9.4942,50.8122,79.75,67,41,2.3
31,Turinsk,RU,2021-10-22 04:40:28,58.0458,63.696,33.57,86,100,10.98
32,Narrabri,AU,2021-10-22 04:40:28,-30.3167,149.7833,84.52,34,0,3.44
33,Vallenar,CL,2021-10-22 04:40:29,-28.5708,-70.7581,58.08,54,0,0.34
34,New Norfolk,AU,2021-10-22 04:40:29,-42.7826,147.0587,68.92,55,99,1.99
35,Biloela,AU,2021-10-22 04:40:30,-24.4167,150.5,92.62,33,19,13.4
36,Bambui,BR,2021-10-22 04:40:30,-20.0064,-45.9769,63.99,80,0,2.19
37,Kargopol,RU,2021-10-22 04:40:30,61.5071,38.9456,48.79,86,100,12.21
38,Esperance,AU,2021-10-22 04:40:31,-33.8667,121.9,62.44,55,94,10.87
39,Puerto Ayora,EC,2021-10-22 04:40:31,-0.7393,-90.3518,69.4,90,87,7.76
40,Constitucion,CL,2021-10-22 04:40:32,-35.3333,-72.4167,50.99,81,82,8.16
41,Meadow Lake,US,2021-10-22 04:40:33,34.8014,-106.5436,59.68,23,39,4.36
42,Geraldton,AU,2021-10-22 04:40:33,-28.7667,114.6,73.13,53,0,18.41
43,Sinnamary,GF,2021-10-22 04:40:34,5.3833,-52.95,79.02,85,92,9.66
44,Hobart,AU,2021-10-22 04:37:51,-42.8794,147.3294,69.26,71,75,4.0
45,Saint George,US,2021-10-22 04:37:45,37.1041,-113.5841,67.35,46,1,1.99
46,Ribeira Grande,PT,2021-10-22 04:40:35,38.5167,-28.7,68.56,74,38,12.77
47,Morant Bay,JM,2021-10-22 04:40:35,17.8815,-76.4093,80.22,84,50,8.9
48,Salta,AR,2021-10-22 04:40:07,-24.7859,-65.4117,63.57,51,0,1.99
49,Arandis,NA,2021-10-22 04:40:36,-22.4167,14.9667,45.46,55,2,1.21
50,Kieta,PG,2021-10-22 04:40:37,-6.2167,155.6333,77.45,94,100,9.6
51,Catuday,PH,2021-10-22 04:40:37,16.2923,119.8062,83.79,71,42,4.47
52,Zhangye,CN,2021-10-22 04:40:38,38.9342,100.4517,61.52,20,2,2.62
53,Vila Franca Do Campo,PT,2021-10-22 04:40:39,37.7167,-25.4333,61.21,76,99,4.7
54,Kununurra,AU,2021-10-22 04:40:39,-15.7667,128.7333,103.98,24,44,11.5
55,Fort Nelson,CA,2021-10-22 04:36:51,58.8053,-122.7002,24.39,100,40,2.3
56,Pandan Niog,PH,2021-10-22 04:40:40,6.2282,120.5631,83.52,77,71,8.7
57,Atuona,PF,2021-10-22 04:40:41,-9.8,-139.0333,78.46,75,30,21.41
58,Dunedin,NZ,2021-10-22 04:38:19,-45.8742,170.5036,53.8,78,3,14.0
59,Te Anau,NZ,2021-10-22 04:40:42,-45.4167,167.7167,62.73,54,24,3.49
60,Sao Filipe,CV,2021-10-22 04:40:42,14.8961,-24.4956,79.7,69,0,2.46
61,Butaritari,KI,2021-10-22 04:40:43,3.0707,172.7902,82.58,75,14,10.36
62,Bonfim,BR,2021-10-22 04:40:43,3.0833,-59.95,74.75,91,93,3.44
63,Tiksi,RU,2021-10-22 04:40:44,71.6872,128.8694,7.84,93,100,6.62
64,Lebu,CL,2021-10-22 04:40:44,-37.6167,-73.65,47.48,80,0,12.3
65,Moose Factory,CA,2021-10-22 04:40:45,51.2585,-80.6094,32.0,100,90,6.91
66,Umm Kaddadah,SD,2021-10-22 04:40:45,13.6017,26.6876,80.98,25,93,14.34
67,Ninghai,CN,2021-10-22 04:40:46,29.2892,121.4247,66.72,59,74,13.44
68,High Level,CA,2021-10-22 04:40:46,58.5169,-117.136,41.11,60,1,3.44
69,Isangel,VU,2021-10-22 04:40:47,-19.55,169.2667,82.51,74,96,4.61
70,Vaini,TO,2021-10-22 04:40:47,-21.2,-175.2,77.16,88,75,12.66
71,Dumas,US,2021-10-22 04:40:48,35.8656,-101.9732,58.42,62,1,6.91
72,Takoradi,GH,2021-10-22 04:40:48,4.8845,-1.7554,76.73,89,100,5.14
73,North Augusta,US,2021-10-22 04:38:23,33.5018,-81.9651,70.14,73,20,4.61
74,Adrian,US,2021-10-22 04:40:49,41.8975,-84.0372,51.51,92,90,7.0
75,Avarua,CK,2021-10-22 04:40:49,-21.2078,-159.775,73.45,64,96,8.05
76,Faanui,PF,2021-10-22 04:40:50,-16.4833,-151.75,79.66,73,2,7.81
77,Nome,US,2021-10-22 04:40:50,64.5011,-165.4064,30.27,80,20,10.36
78,Qaanaaq,GL,2021-10-22 04:40:50,77.484,-69.3632,-1.75,75,0,8.48
79,Katsuura,JP,2021-10-22 04:40:51,35.1333,140.3,55.11,91,100,13.67
80,Lazaro Cardenas,MX,2021-10-22 04:40:51,17.9583,-102.2,79.83,84,87,3.58
81,Chernenko,RU,2021-10-22 04:40:52,44.365,39.3103,49.21,68,1,4.5
82,Bluff,NZ,2021-10-22 04:40:52,-46.6,168.3333,54.36,73,0,11.86
83,Chokurdakh,RU,2021-10-22 04:40:53,70.6333,147.9167,-12.82,97,53,3.36
84,Lorengau,PG,2021-10-22 04:40:53,-2.0226,147.2712,79.21,84,100,4.27
85,Dikson,RU,2021-10-22 04:40:54,73.5069,80.5464,20.91,77,63,9.64
86,Bengkulu,ID,2021-10-22 04:40:54,-3.8004,102.2655,82.35,73,100,5.14
87,Hilo,US,2021-10-22 04:38:44,19.7297,-155.09,73.13,79,1,4.61
88,Ouegoa,NC,2021-10-22 04:40:55,-20.35,164.4333,78.51,66,4,8.32
89,Selenginsk,RU,2021-10-22 04:40:55,52.0064,106.8647,41.41,38,0,1.48
90,Andenes,NO,2021-10-22 04:40:56,69.3143,16.1194,37.38,65,20,24.16
91,Todos Santos,MX,2021-10-22 04:40:56,23.45,-110.2167,77.11,86,0,6.38
92,Mahebourg,MU,2021-10-22 04:40:57,-20.4081,57.7,78.26,83,75,12.66
93,Kaitangata,NZ,2021-10-22 04:40:57,-46.2817,169.8464,56.07,71,0,10.18
94,Moranbah,AU,2021-10-22 04:40:58,-22.0016,148.0466,98.76,19,19,10.18
95,Nishihara,JP,2021-10-22 04:40:58,26.1842,127.7558,73.06,73,90,17.27
96,Mar Del Plata,AR,2021-10-22 04:40:58,-38.0023,-57.5575,61.09,95,90,5.99
97,Coahuayana,MX,2021-10-22 04:40:59,18.7333,-103.6833,78.12,91,65,2.37
98,Quatre Cocos,MU,2021-10-22 04:40:59,-20.2078,57.7625,78.1,74,33,12.44
99,Stalowa Wola,PL,2021-10-22 04:41:00,50.5829,22.0533,51.42,61,79,8.99
100,Kudahuvadhoo,MV,2021-10-22 04:41:00,2.6708,72.8944,82.2,68,12,7.25
101,Xuddur,SO,2021-10-22 04:41:01,4.1213,43.8894,76.05,75,12,6.69
102,Tautira,PF,2021-10-22 04:41:01,-17.7333,-149.15,80.62,80,4,12.17
103,Saint-Philippe,RE,2021-10-22 04:41:02,-21.3585,55.7679,82.47,71,6,5.23
104,Rio Grande,BR,2021-10-22 04:41:03,-32.035,-52.0986,50.95,83,0,1.54
105,Hofn,IS,2021-10-22 04:41:03,64.2539,-15.2082,31.93,56,29,6.8
106,Pisco,PE,2021-10-22 04:41:04,-13.7,-76.2167,61.02,82,0,9.22
107,Saskylakh,RU,2021-10-22 04:41:04,71.9167,114.0833,-2.25,100,96,2.84
108,Kolokani,ML,2021-10-22 04:41:04,13.5728,-8.0339,75.97,60,100,3.69
109,Vestmannaeyjar,IS,2021-10-22 04:41:05,63.4427,-20.2734,42.85,72,98,19.73
110,Talaya,RU,2021-10-22 04:41:06,61.3833,152.75,-2.72,82,25,1.14
111,Rassvet,RU,2021-10-22 04:41:06,46.8333,40.75,42.35,91,35,8.95
112,Yellowknife,CA,2021-10-22 04:41:07,62.456,-114.3525,43.41,76,1,17.27
113,Hermanus,ZA,2021-10-22 04:41:07,-34.4187,19.2345,58.89,70,87,18.54
114,Hasaki,JP,2021-10-22 04:41:08,35.7333,140.8333,55.8,83,100,18.79
115,Port Alfred,ZA,2021-10-22 04:41:09,-33.5906,26.891,67.59,75,100,8.79
116,Leningradskiy,RU,2021-10-22 04:41:09,69.3833,178.4167,5.25,86,88,12.55
117,Pemangkat,ID,2021-10-22 04:41:10,1.1667,108.9667,74.91,94,100,10.47
118,Superior,US,2021-10-22 04:41:10,46.7208,-92.1041,38.77,76,1,3.44
119,Ponta Do Sol,PT,2021-10-22 04:41:11,32.6667,-17.1,69.71,64,32,4.45
120,Klaksvik,FO,2021-10-22 04:41:11,62.2266,-6.589,36.52,60,98,24.74
121,Airai,TL,2021-10-22 04:41:12,-8.9266,125.4092,81.37,38,76,2.73
122,Karratha,AU,2021-10-22 04:41:12,-20.7377,116.8463,96.03,19,0,13.04
123,Qui Nhon,VN,2021-10-22 04:41:13,13.7667,109.2333,83.35,75,95,13.04
124,Dingle,PH,2021-10-22 04:41:13,10.9995,122.6711,85.08,74,81,12.3
125,Yali,CO,2021-10-22 04:41:14,6.6746,-74.8343,62.38,99,80,3.0
126,Nemuro,JP,2021-10-22 04:41:14,43.3236,145.575,46.83,72,94,6.4
127,Dolores,AR,2021-10-22 04:41:15,-36.3132,-57.6792,58.1,92,66,5.37
128,Hualmay,PE,2021-10-22 04:41:15,-11.0964,-77.6139,62.24,87,86,7.83
129,Grand Gaube,MU,2021-10-22 04:41:15,-20.0064,57.6608,78.39,72,37,8.01
130,Nantucket,US,2021-10-22 04:41:16,41.2835,-70.0995,66.31,84,1,12.66
131,Richards Bay,ZA,2021-10-22 04:41:16,-28.783,32.0377,70.63,77,100,17.16
132,Alyangula,AU,2021-10-22 04:41:17,-13.8483,136.4192,94.87,34,14,8.05
133,Victoria,HK,2021-10-22 04:41:18,22.2855,114.1577,71.26,79,100,1.99
134,Petropavlovsk-Kamchatskiy,RU,2021-10-22 04:41:18,53.0452,158.6483,39.79,38,0,11.18
135,Duncan,US,2021-10-22 04:39:23,34.5023,-97.9578,62.49,60,40,5.75
136,Beringovskiy,RU,2021-10-22 04:41:19,63.05,179.3167,18.48,87,100,13.49
137,Carnarvon,AU,2021-10-22 04:41:20,-24.8667,113.6333,73.47,60,2,24.16
138,Hithadhoo,MV,2021-10-22 04:41:20,-0.6,73.0833,82.26,73,97,8.23
139,Vila,PT,2021-10-22 04:41:20,42.0304,-8.1588,43.34,89,3,4.21
140,Tuktoyaktuk,CA,2021-10-22 04:41:21,69.4541,-133.0374,26.6,100,20,8.05
141,Riverton,US,2021-10-22 04:41:21,40.5219,-111.9391,59.31,58,1,1.01
142,Coquimbo,CL,2021-10-22 04:41:22,-29.9533,-71.3436,55.13,87,0,3.44
143,Baltar,PT,2021-10-22 04:41:22,41.1851,-8.3734,52.02,87,0,3.47
144,Yulara,AU,2021-10-22 04:41:23,-25.2406,130.9889,94.84,10,0,11.5
145,Izumo,JP,2021-10-22 04:41:23,35.3667,132.7667,66.15,59,75,2.3
146,Margate,GB,2021-10-22 04:41:24,51.3813,1.3862,45.7,86,3,20.49
147,Pizhanka,RU,2021-10-22 04:41:24,57.4604,48.542,47.43,91,100,18.37
148,Oppdal,NO,2021-10-22 04:41:25,62.5943,9.6912,32.09,91,92,13.71
149,Paamiut,GL,2021-10-22 04:41:25,61.994,-49.6678,36.84,67,51,16.33
150,Tuatapere,NZ,2021-10-22 04:41:26,-46.1333,167.6833,59.38,57,11,5.95
151,Khatanga,RU,2021-10-22 04:41:08,71.9667,102.5,7.03,94,99,8.95
152,Ajdabiya,LY,2021-10-22 04:41:27,30.7554,20.2263,67.15,51,63,9.33
153,Maniitsoq,GL,2021-10-22 04:41:28,65.4167,-52.9,30.6,57,0,10.6
154,Thompson,CA,2021-10-22 04:40:11,55.7435,-97.8558,28.56,93,75,5.75
155,Galveston,US,2021-10-22 04:41:29,29.3669,-94.9669,76.96,83,1,3.44
156,Ararat,AM,2021-10-22 04:41:30,39.8317,44.7049,41.34,36,0,0.43
157,Baherden,TM,2021-10-22 04:41:31,38.4362,57.4316,54.59,30,0,10.94
158,Oktyabrskiy,RU,2021-10-22 04:41:31,54.4815,53.471,45.3,98,100,12.46
159,Bathsheba,BB,2021-10-22 04:41:32,13.2167,-59.5167,83.01,74,75,21.85
160,Labuhan,ID,2021-10-22 04:41:32,-6.8844,112.2051,89.76,55,99,8.3
161,Deputatskiy,RU,2021-10-22 04:41:33,69.3,139.9,-1.98,98,100,2.91
162,Vila Velha,BR,2021-10-22 04:38:30,-20.3297,-40.2925,69.75,73,75,4.61
163,Slave Lake,CA,2021-10-22 04:41:33,55.2834,-114.769,37.38,65,1,9.22
164,Seymchan,RU,2021-10-22 04:41:34,62.8833,152.4333,2.23,61,37,3.22
165,Buraydah,SA,2021-10-22 04:41:34,26.326,43.975,68.45,35,0,9.31
166,Nikolskoye,RU,2021-10-22 04:41:35,59.7035,30.7861,47.88,66,76,18.72
167,Anadyr,RU,2021-10-22 04:39:31,64.75,177.4833,21.7,93,75,6.71
168,Rajaldesar,IN,2021-10-22 04:41:36,28.0333,74.4667,83.68,32,0,17.6
169,Namatanai,PG,2021-10-22 04:41:36,-3.6667,152.4333,82.08,75,98,9.86
170,Anna Paulowna,NL,2021-10-22 04:41:36,52.862,4.834,53.6,76,75,20.0
171,Rio Gallegos,AR,2021-10-22 04:41:37,-51.6226,-69.2181,41.05,60,0,8.05
172,Terracina,IT,2021-10-22 04:41:37,41.2863,13.2217,65.07,84,93,8.43
173,Cidreira,BR,2021-10-22 04:41:38,-30.1811,-50.2056,62.28,90,1,8.75
174,Kodiak,US,2021-10-22 04:41:38,57.79,-152.4072,36.97,71,100,9.26
175,Gasa,PS,2021-10-22 04:41:39,31.5,34.4667,67.17,62,22,5.19
176,Devils Lake,US,2021-10-22 04:41:39,48.1128,-98.8651,35.94,81,90,1.99
177,Filadelfia,US,2021-10-22 04:37:34,39.9523,-75.1638,67.26,75,20,4.0
178,Port Lincoln,AU,2021-10-22 04:41:40,-34.7333,135.8667,64.81,67,88,15.14
179,Lerwick,GB,2021-10-22 04:41:40,60.1545,-1.1494,41.0,59,88,26.53
180,Cape Town,ZA,2021-10-22 04:39:17,-33.9258,18.4232,60.12,82,75,5.99
181,Pedernales,DO,2021-10-22 04:41:41,18.0384,-71.744,80.47,72,43,5.75
182,Jiangyou,CN,2021-10-22 04:41:41,31.7667,104.7167,60.71,67,100,9.42
183,Bethel,US,2021-10-22 04:41:42,41.3712,-73.414,64.76,90,20,0.0
184,Cherskiy,RU,2021-10-22 04:41:42,68.75,161.3,2.46,99,100,4.88
185,Tilichiki,RU,2021-10-22 04:41:43,60.4667,166.1,9.21,86,13,5.08
186,Aksu,CN,2021-10-22 04:41:43,41.1231,80.2644,60.58,22,87,1.54
187,Souillac,MU,2021-10-22 04:41:44,-20.5167,57.5167,78.37,83,75,12.66
188,Adrar,MR,2021-10-22 04:41:44,20.5022,-10.0711,68.58,27,14,9.1
189,Turukhansk,RU,2021-10-22 04:41:45,65.8167,87.9833,35.26,94,100,7.52
190,Bambous Virieux,MU,2021-10-22 04:41:45,-20.3428,57.7575,78.22,83,75,12.66
191,Narsaq,GL,2021-10-22 04:41:46,60.9167,-46.05,30.42,59,100,6.08
192,Avera,US,2021-10-22 04:41:46,33.194,-82.5271,69.71,72,84,9.06
193,Berlevag,NO,2021-10-22 04:41:46,70.8578,29.0864,33.96,62,100,23.13
194,Chuy,UY,2021-10-22 04:41:47,-33.6971,-53.4616,52.43,89,0,3.83
195,Atambua,ID,2021-10-22 04:41:47,-9.1061,124.8925,87.58,56,72,5.84
196,South Venice,US,2021-10-22 04:41:48,27.0531,-82.4243,78.01,86,22,8.05
197,Banda Aceh,ID,2021-10-22 04:41:48,5.5577,95.3222,81.34,74,100,1.92
198,Ronneby,SE,2021-10-22 04:41:49,56.21,15.276,43.3,87,20,10.36
199,Arraial Do Cabo,BR,2021-10-22 04:41:49,-22.9661,-42.0278,66.4,69,95,5.7
200,Fortuna,US,2021-10-22 04:41:50,40.5982,-124.1573,59.47,74,90,4.0
201,Rio De Janeiro,BR,2021-10-22 04:41:04,-22.9028,-43.2075,67.95,82,75,4.61
202,Vostok,RU,2021-10-22 04:41:51,46.4856,135.8833,33.35,77,99,6.24
203,Plettenberg Bay,ZA,2021-10-22 04:41:51,-34.0527,23.3716,62.82,93,100,10.65
204,Yumen,CN,2021-10-22 04:41:51,40.2833,97.2,56.14,16,38,16.71
205,Mushie,CD,2021-10-22 04:41:52,-3.0167,16.9,70.2,99,91,1.1
206,Bilibino,RU,2021-10-22 04:41:52,68.0546,166.4372,-2.07,100,100,2.21
207,Kaseda,JP,2021-10-22 04:41:53,31.4167,130.3167,67.23,55,65,23.91
208,Miyoshi,JP,2021-10-22 04:41:53,35.0833,137.0667,65.95,46,99,4.36
209,Pevek,RU,2021-10-22 04:41:54,69.7008,170.3133,12.7,92,100,10.47
210,Rosetta,EG,2021-10-22 04:41:54,31.4044,30.4164,67.82,68,18,10.94
211,Shingu,JP,2021-10-22 04:41:55,33.7333,135.9833,68.99,81,100,3.09
212,Magnor,SE,2021-10-22 04:41:55,59.9511,12.1996,37.0,67,11,6.31
213,Yokosuka,JP,2021-10-22 04:41:55,35.2836,139.6672,54.99,90,100,3.0
214,Lincoln,US,2021-10-22 04:40:00,40.8,-96.667,42.75,87,1,3.44
215,Merauke,ID,2021-10-22 04:41:56,-8.4667,140.3333,86.14,67,17,15.59
216,Kahului,US,2021-10-22 04:37:23,20.8947,-156.47,77.02,80,40,10.36
217,Kovur,IN,2021-10-22 04:41:57,14.4833,79.9833,90.43,52,42,7.07
218,Standerton,ZA,2021-10-22 04:41:58,-26.9337,29.2415,60.6,46,100,6.85
219,Melegnano,IT,2021-10-22 04:41:58,45.3588,9.324,57.07,96,58,1.01
220,Gat,IL,2021-10-22 04:41:01,31.61,34.7642,68.4,65,1,3.18
221,Lagoa,PT,2021-10-22 04:41:59,39.05,-27.9833,67.46,72,72,7.85
222,Bagdarin,RU,2021-10-22 04:42:00,54.4333,113.6,40.59,52,43,3.6
223,Samarai,PG,2021-10-22 04:42:00,-10.6167,150.6667,83.25,68,31,11.77
224,Half Moon Bay,US,2021-10-22 04:39:12,37.4636,-122.4286,66.61,86,90,13.8
225,Smolenka,RU,2021-10-22 04:42:01,52.1352,113.4974,37.47,60,3,0.0
226,Torbay,CA,2021-10-22 04:42:02,47.6666,-52.7314,44.58,79,75,13.8
227,Igrim,RU,2021-10-22 04:42:03,63.1906,64.4162,31.42,75,100,9.82
228,Suoyarvi,RU,2021-10-22 04:42:03,62.0833,32.35,42.94,93,100,15.61
229,Bardiyah,LY,2021-10-22 04:42:04,31.7561,25.0865,65.62,67,0,5.12
230,Talas,TR,2021-10-22 04:42:04,38.6908,35.5538,27.27,86,0,3.44
231,Ketchikan,US,2021-10-22 04:42:05,55.3422,-131.6461,47.62,95,100,8.39
232,Oranjestad,AW,2021-10-22 04:42:05,12.524,-70.027,82.35,78,20,18.41
233,Clyde River,CA,2021-10-22 04:42:06,70.4692,-68.5914,20.23,77,51,7.54
234,Guerrero Negro,MX,2021-10-22 04:42:06,27.9769,-114.0611,67.19,81,0,10.56
235,Roebourne,AU,2021-10-22 04:42:06,-20.7833,117.1333,95.49,20,0,10.92
236,Aklavik,CA,2021-10-22 04:42:07,68.2191,-135.0107,32.83,84,40,13.02
237,Pokhara,NP,2021-10-22 04:42:08,28.2333,83.9833,69.1,88,98,2.04
238,Jakar,BT,2021-10-22 04:42:08,27.5492,90.7525,59.31,69,74,3.83
239,Mikhaylovka,RU,2021-10-22 04:42:09,50.06,43.2379,48.18,82,55,16.64
240,Pangnirtung,CA,2021-10-22 04:42:09,66.1451,-65.7125,26.71,80,96,2.39
241,Trincomalee,LK,2021-10-22 04:42:09,8.5711,81.2335,84.58,67,47,3.38
242,Luknovo,RU,2021-10-22 04:42:10,56.1983,42.04,48.81,81,100,14.38
243,Buy,RU,2021-10-22 04:42:10,58.4786,41.53,49.59,86,100,14.94
244,Porto Belo,BR,2021-10-22 04:42:11,-27.1578,-48.5531,64.38,82,90,9.31
245,Valparaiso,CL,2021-10-22 04:38:26,-33.0393,-71.6273,53.24,93,40,5.75
246,Faro,PT,2021-10-22 04:38:13,37.0194,-7.9322,58.78,72,0,12.66
247,Meihekou,CN,2021-10-22 04:42:13,42.5272,125.6753,49.84,36,0,7.27
248,Harper,LR,2021-10-22 04:42:13,4.375,-7.7169,76.75,88,100,5.73
249,Sokoni,TZ,2021-10-22 04:42:14,-6.4333,39.55,76.86,70,95,10.29
250,Mareeba,AU,2021-10-22 04:42:14,-17.0,145.4333,85.44,62,27,11.34
251,Elizabeth City,US,2021-10-22 04:42:15,36.2946,-76.2511,68.02,78,1,1.01
252,Moron,AR,2021-10-22 04:41:38,-34.6534,-58.6198,69.78,63,31,5.01
253,Kapuskasing,CA,2021-10-22 04:42:15,49.4169,-82.4331,32.09,93,90,4.61
254,Velykyy Burluk,UA,2021-10-22 04:42:16,50.0379,37.3987,48.69,90,92,16.51
255,Tezu,IN,2021-10-22 04:42:16,27.9167,96.1667,81.52,70,65,3.22
256,Arequipa,PE,2021-10-22 04:42:17,-16.3989,-71.535,55.87,40,34,0.22
257,Leopoldina,BR,2021-10-22 04:42:17,-21.5319,-42.6431,62.53,92,99,2.17
258,Kloulklubed,PW,2021-10-22 04:42:18,7.0419,134.2556,86.5,69,19,7.27
259,Eureka,US,2021-10-22 04:42:18,40.8021,-124.1637,58.68,94,100,4.0
260,Modugno,IT,2021-10-22 04:42:18,41.0974,16.778,62.28,78,75,9.22
261,Tigil,RU,2021-10-22 04:42:19,57.8,158.6667,30.04,98,100,4.05
262,Mataram,ID,2021-10-22 04:42:19,-8.5833,116.1167,90.41,65,41,11.88
263,Bulolo,PG,2021-10-22 04:42:20,-7.2,146.65,85.69,52,87,4.36
264,Cairns,AU,2021-10-22 04:38:14,-16.9167,145.7667,90.07,70,40,9.22
265,Saint-Nicolas,BE,2021-10-22 04:42:21,51.1651,4.1437,48.78,87,22,3.0
266,Banjar,ID,2021-10-22 04:42:21,-8.19,114.9675,89.46,68,79,1.03
267,Marzuq,YE,2021-10-22 04:42:22,14.4,46.4667,74.57,30,93,6.58
268,Walvis Bay,NA,2021-10-22 04:42:22,-22.9575,14.5053,52.09,93,0,6.91
269,Cap Malheureux,MU,2021-10-22 04:42:22,-19.9842,57.6142,78.48,72,39,8.01
270,Ostrovnoy,RU,2021-10-22 04:42:23,68.0531,39.5131,35.22,81,100,20.85
271,Lukovetskiy,RU,2021-10-22 04:42:23,64.2956,41.9211,33.78,100,100,2.66
272,Storforshei,NO,2021-10-22 04:42:24,66.4043,14.5233,33.58,59,75,8.05
273,Skibbereen,IE,2021-10-22 04:42:24,51.55,-9.2667,48.0,79,7,8.05
274,Luganville,VU,2021-10-22 04:42:25,-15.5333,167.1667,81.28,77,100,4.05
275,Mount Isa,AU,2021-10-22 04:42:25,-20.7333,139.5,101.97,17,0,8.05
276,Sola,VU,2021-10-22 04:42:25,-13.8833,167.55,81.73,68,65,2.62
277,Amahai,ID,2021-10-22 04:42:26,-3.3333,128.9167,79.34,81,100,2.44
278,Bonavista,CA,2021-10-22 04:42:26,48.6499,-53.1147,44.11,76,22,18.63
279,Abay,KZ,2021-10-22 04:42:27,49.6311,72.8539,32.38,55,16,22.03
280,Hobyo,SO,2021-10-22 04:42:27,5.3505,48.5268,80.33,72,42,7.25
281,Fairbanks,US,2021-10-22 04:42:28,64.8378,-147.7164,29.91,84,1,0.0
282,Cascais,PT,2021-10-22 04:41:58,38.6979,-9.4215,61.05,70,0,5.01
283,Goderich,CA,2021-10-22 04:42:29,43.7501,-81.7165,49.91,81,100,16.11
284,Vilyuysk,RU,2021-10-22 04:42:29,63.7553,121.6247,33.69,80,100,5.86
285,Korem,ET,2021-10-22 04:42:30,12.5058,39.5228,56.5,69,98,4.45
286,Lata,PT,2021-10-22 04:42:30,40.1629,-8.3327,54.81,95,4,4.07
287,Natal,BR,2021-10-22 04:42:31,-5.795,-35.2094,80.82,83,40,6.91
288,Along,IN,2021-10-22 04:42:31,28.1667,94.7667,81.45,61,47,1.95
289,Noyabrsk,RU,2021-10-22 04:42:31,63.1994,75.4507,35.47,97,100,8.32
290,Hong Gai,VN,2021-10-22 04:42:32,20.956,107.0946,69.71,79,100,6.58
291,Santa Isabel,BR,2021-10-22 04:42:33,-23.3156,-46.2214,63.66,96,59,1.72
292,Mendi,PG,2021-10-22 04:42:33,-6.1761,143.6513,68.49,55,84,5.41
293,Dongsheng,CN,2021-10-22 04:42:34,39.8161,109.9776,47.19,22,81,8.14
294,Kavaratti,IN,2021-10-22 04:42:34,10.5669,72.642,82.0,77,100,6.69
295,Sydney,AU,2021-10-22 04:41:48,-33.8679,151.2073,80.74,70,20,5.01
296,Mokhsogollokh,RU,2021-10-22 04:42:35,61.4681,128.9203,36.64,74,100,11.36
297,Ravar,IR,2021-10-22 04:42:35,31.2656,56.8055,61.47,34,0,6.22
298,Manali,IN,2021-10-22 04:42:36,13.1667,80.2667,89.69,59,35,0.83
299,Punta Alta,AR,2021-10-22 04:42:36,-38.8759,-62.0736,54.82,83,100,5.08
300,Tiradentes,BR,2021-10-22 04:42:36,-21.1103,-44.1781,56.12,95,25,5.95
301,Caconda,AO,2021-10-22 04:42:37,-13.7333,15.0667,61.75,78,95,4.18
302,Usolye,RU,2021-10-22 04:42:37,59.4268,56.6808,38.21,99,100,8.14
303,Kangaatsiaq,GL,2021-10-22 04:42:38,68.3065,-53.4641,28.24,71,98,11.63
304,Sisimiut,GL,2021-10-22 04:42:38,66.9395,-53.6735,24.84,84,18,11.1
305,Kapoeta,SS,2021-10-22 04:42:39,4.7717,33.5903,82.11,49,56,9.13
306,Ilulissat,GL,2021-10-22 04:42:39,69.2167,-51.1,28.42,80,75,6.91
307,Tocopilla,CL,2021-10-22 04:42:40,-22.092,-70.1979,60.46,70,22,3.8
308,Ambovombe,MG,2021-10-22 04:42:40,-25.1667,46.0833,69.46,65,10,7.36
309,San Quintin,MX,2021-10-22 04:42:41,30.4833,-115.95,63.9,82,4,8.9
310,Sfantu Gheorghe,RO,2021-10-22 04:42:39,45.8667,25.7833,52.27,72,76,3.47
311,Hit,IQ,2021-10-22 04:42:41,33.6416,42.8251,71.08,25,0,8.66
312,Luanda,AO,2021-10-22 04:38:24,-8.8368,13.2343,77.0,83,40,2.3
313,Dwarka,IN,2021-10-22 04:42:42,22.2394,68.9678,80.65,54,0,10.65
314,General Pico,AR,2021-10-22 04:42:43,-35.6566,-63.7568,57.88,82,79,9.69
315,Narva-Joesuu,EE,2021-10-22 04:42:43,59.4589,28.0408,44.64,75,94,27.02
316,Sorong,ID,2021-10-22 04:42:44,-0.8833,131.25,80.31,80,99,9.06
317,Lompoc,US,2021-10-22 04:42:44,34.6391,-120.4579,61.11,89,90,4.61
318,Malanje,AO,2021-10-22 04:42:45,-9.5402,16.341,64.71,94,100,2.86
319,Christchurch,NZ,2021-10-22 04:38:19,-43.5333,172.6333,57.47,58,96,8.99
320,Karsun,RU,2021-10-22 04:42:45,54.1994,46.9827,48.74,77,100,18.84
321,Port Macquarie,AU,2021-10-22 04:41:56,-31.4333,152.9167,75.88,67,11,8.23
322,Esperanza,DO,2021-10-22 04:42:46,19.5847,-70.9849,76.01,86,64,1.01
323,Faya,SA,2021-10-22 04:42:15,18.3851,42.4509,59.11,27,80,9.42
324,San Patricio,US,2021-10-22 04:42:47,28.017,-97.5169,77.85,75,20,5.14
325,Tygda,RU,2021-10-22 04:42:48,53.1167,126.3333,46.58,53,45,8.12
326,Bundaberg,AU,2021-10-22 04:42:48,-24.85,152.35,84.49,58,56,11.99
327,Rawson,AR,2021-10-22 04:40:52,-43.3002,-65.1023,50.43,59,86,6.31
328,Capitan Bado,PY,2021-10-22 04:42:49,-23.2667,-55.5333,61.47,81,0,6.53
329,Manuk Mangkaw,PH,2021-10-22 04:42:49,4.8,119.85,82.35,79,100,9.15
330,Srednekolymsk,RU,2021-10-22 04:42:50,67.45,153.6833,-2.36,95,78,5.66
331,Kulhudhuffushi,MV,2021-10-22 04:42:50,6.6221,73.07,81.54,77,53,6.96
332,Conakry,GN,2021-10-22 04:42:51,9.538,-13.6773,78.87,89,40,6.91
333,Mecca,SA,2021-10-22 04:42:51,21.4267,39.8261,84.94,33,49,2.01
334,Singaraja,ID,2021-10-22 04:42:52,-8.112,115.0882,86.65,67,72,2.1
335,Zwedru,LR,2021-10-22 04:42:52,6.0667,-8.1281,70.81,100,100,1.92
336,Riachao,BR,2021-10-22 04:42:52,-7.3619,-46.6172,74.43,87,94,0.83
337,Rio Cuarto,AR,2021-10-22 04:42:42,-33.1307,-64.3499,60.84,30,61,17.54
338,Bambanglipuro,ID,2021-10-22 04:42:53,-7.95,110.2833,71.6,70,99,13.76
339,Bilma,NE,2021-10-22 04:42:54,18.6853,12.9164,77.0,21,18,10.2
340,Mao,ES,2021-10-22 04:42:54,39.8885,4.2658,66.76,63,20,18.41
341,Hami,CN,2021-10-22 04:42:55,42.8,93.45,65.01,15,0,5.53
342,Haines Junction,CA,2021-10-22 04:42:55,60.7522,-137.5108,31.95,93,100,1.14
343,Killybegs,IE,2021-10-22 04:42:56,54.6333,-8.45,46.45,77,100,19.55
344,Camacha,PT,2021-10-22 04:42:56,33.0833,-16.3333,67.42,68,75,11.5
345,Plouzane,FR,2021-10-22 04:42:57,48.3833,-4.6167,46.72,93,0,4.61
346,Bud,US,2021-10-22 04:42:57,39.447,-86.1758,52.21,86,100,7.52
347,San Cristobal,VE,2021-10-22 04:42:57,7.7669,-72.225,66.38,98,66,1.83
348,Shumyachi,RU,2021-10-22 04:42:58,53.8583,32.4242,49.37,76,52,16.46
349,Santa Cruz,BO,2021-10-22 04:42:58,-17.8,-63.1667,78.26,65,40,4.61
350,Minab,IR,2021-10-22 04:42:59,27.1467,57.0801,81.9,33,0,11.41
351,Sarangani,PH,2021-10-22 04:42:59,5.4033,125.4636,83.44,71,42,6.42
352,Husavik,IS,2021-10-22 04:43:00,66.0449,-17.3389,28.31,80,96,13.78
353,Temiscaming,CA,2021-10-22 04:43:00,46.7212,-79.0971,39.67,87,69,12.66
354,Erenhot,CN,2021-10-22 04:43:01,43.6475,111.9767,45.55,31,0,5.28
355,Zorritos,PE,2021-10-22 04:43:02,-3.6805,-80.6782,71.26,82,92,6.06
356,Great Yarmouth,GB,2021-10-22 04:43:03,52.6083,1.7305,45.95,78,14,22.06
357,Kazachinskoye,RU,2021-10-22 04:43:03,57.6953,93.2761,48.74,51,100,5.41
358,Caravelas,BR,2021-10-22 04:42:25,-17.7125,-39.2481,71.83,93,100,7.63
359,Norman Wells,CA,2021-10-22 04:43:04,65.282,-126.8329,37.44,70,40,6.91
360,Kavieng,PG,2021-10-22 04:43:04,-2.5744,150.7967,82.2,75,100,6.85
361,Laguna,US,2021-10-22 04:42:56,38.421,-121.4238,68.5,86,75,1.01
362,San Policarpo,PH,2021-10-22 04:43:05,12.1791,125.5072,82.45,83,78,10.69
363,Gorontalo,ID,2021-10-22 04:43:05,0.5412,123.0595,83.84,76,100,2.86
364,Tacoronte,ES,2021-10-22 04:43:06,28.4769,-16.4102,67.15,83,90,17.0
365,Sorada,IN,2021-10-22 04:43:06,19.75,84.4333,85.3,60,18,2.91
366,Concarneau,FR,2021-10-22 04:43:07,47.875,-3.9225,44.89,73,78,7.29
367,Lauder,GB,2021-10-22 04:43:07,55.7191,-2.7476,46.87,85,93,16.75
368,Sitka,US,2021-10-22 04:43:08,57.0531,-135.33,53.49,58,90,11.5
369,Verkhnevilyuysk,RU,2021-10-22 04:43:08,63.4453,120.3167,35.92,86,93,4.68
370,Cam Ranh,VN,2021-10-22 04:43:09,11.9214,109.1591,85.96,70,20,10.36
371,Itarema,BR,2021-10-22 04:42:38,-2.9248,-39.9167,78.96,84,59,10.45
372,Tolaga Bay,NZ,2021-10-22 04:43:09,-38.3667,178.3,54.43,63,93,6.73
373,Namikupa,TZ,2021-10-22 04:43:10,-10.8333,39.6,73.6,76,90,5.99
374,Constanta,RO,2021-10-22 04:43:10,44.1833,28.65,50.7,69,2,9.42
375,Nakambala,ZM,2021-10-22 04:43:11,-15.8324,27.7799,71.2,53,38,8.79
376,Codrington,AU,2021-10-22 04:42:59,-38.2667,141.9667,56.17,92,94,8.05
377,Alice Springs,AU,2021-10-22 04:43:11,-23.7,133.8833,94.55,16,0,11.5
378,Magole,TZ,2021-10-22 04:43:12,-6.3667,37.3667,73.74,68,64,3.94
379,Port Blair,IN,2021-10-22 04:43:12,11.6667,92.75,86.04,84,40,3.44
380,Kourou,GF,2021-10-22 04:43:13,5.1552,-52.6478,81.1,89,77,6.82
381,Acarau,BR,2021-10-22 04:43:13,-2.8856,-40.12,78.44,85,47,10.18
382,Havelock,US,2021-10-22 04:43:14,34.8791,-76.9013,73.38,86,61,1.99
383,Inuvik,CA,2021-10-22 04:43:14,68.3499,-133.7218,33.01,80,20,4.61
384,Moussoro,TD,2021-10-22 04:43:15,13.6408,16.4901,82.63,51,32,3.94
385,Grindavik,IS,2021-10-22 04:43:15,63.8424,-22.4338,37.87,81,90,10.36
386,Ippy,CF,2021-10-22 04:43:16,6.2679,21.2247,67.93,98,97,3.15
387,Calvinia,ZA,2021-10-22 04:43:16,-31.4707,19.776,47.97,85,92,14.83
388,Oxford,GB,2021-10-22 04:43:16,51.7522,-1.256,45.45,92,9,3.44
389,Hailar,CN,2021-10-22 04:43:17,49.2,119.7,45.59,43,0,13.96
390,Emba,KZ,2021-10-22 04:43:17,48.8264,58.1442,40.44,88,100,19.28
391,Channel-Port Aux Basques,CA,2021-10-22 04:43:18,47.5702,-59.1367,49.57,78,82,7.16
392,Khasan,RU,2021-10-22 04:43:18,42.4308,130.6434,52.97,34,13,15.17
393,Hanstholm,DK,2021-10-22 04:43:19,57.1167,8.6167,44.67,67,100,23.31
394,Sakakah,SA,2021-10-22 04:43:19,29.9697,40.2064,67.57,40,0,10.76
395,Ovsyanka,RU,2021-10-22 04:43:20,55.9575,92.5519,54.57,42,96,6.93
396,Asau,RO,2021-10-22 04:43:20,46.4333,26.4,58.12,75,100,5.48
397,Inhambane,MZ,2021-10-22 04:43:21,-23.865,35.3833,71.58,68,20,5.75
398,Vaitape,PF,2021-10-22 04:43:21,-16.5167,-151.75,79.66,72,2,7.85
399,Coihaique,CL,2021-10-22 04:41:56,-45.5752,-72.0662,37.35,93,0,3.44
400,Maromitsa,RU,2021-10-22 04:43:22,59.8683,48.0123,45.79,98,100,11.23
401,Mezen,RU,2021-10-22 04:43:23,65.8522,44.24,27.45,97,91,6.62
402,Roma,US,2021-10-22 04:39:42,43.2128,-75.4557,60.12,93,90,4.61
403,Salinas,US,2021-10-22 04:42:49,36.6777,-121.6555,63.97,87,75,4.61
404,Upernavik,GL,2021-10-22 04:43:23,72.7868,-56.1549,19.44,94,100,9.91
405,Meulaboh,ID,2021-10-22 04:43:24,4.1363,96.1285,80.51,83,88,6.76
406,Longyearbyen,SJ,2021-10-22 04:43:24,78.2186,15.6401,17.44,86,75,8.05
407,Gezing,AT,2021-10-22 04:43:25,47.9178,13.1299,49.15,96,75,3.44
408,Wanaka,NZ,2021-10-22 04:38:51,-44.7,169.15,65.12,51,43,2.17
409,Ternate,ID,2021-10-22 04:43:26,0.8,127.4,84.52,69,99,6.62
410,Westport,US,2021-10-22 04:43:26,41.1415,-73.3579,66.02,86,1,11.01
411,Lasa,IT,2021-10-22 04:43:27,46.6166,10.7002,46.62,89,12,3.29
412,Zelenoborsk,RU,2021-10-22 04:43:28,61.4669,64.0333,29.53,90,100,9.22
413,College,US,2021-10-22 04:40:59,64.8569,-147.8028,29.89,84,20,3.44
414,Boffa,GN,2021-10-22 04:43:29,10.1667,-14.0333,75.51,92,99,2.75
415,Marienburg,PL,2021-10-22 04:43:29,54.0359,19.0266,46.06,70,78,20.6
416,Northam,GB,2021-10-22 04:43:30,51.0333,-4.2167,54.39,66,25,12.55
417,Berdigestyakh,RU,2021-10-22 04:43:30,62.0989,126.6992,34.63,81,100,10.47
418,Batagay-Alyta,RU,2021-10-22 04:43:31,67.8006,130.4114,14.49,92,99,2.53
419,Taybad,IR,2021-10-22 04:43:32,34.74,60.7756,47.71,41,27,19.13
420,Zhigansk,RU,2021-10-22 04:41:16,66.7697,123.3711,20.14,89,63,8.32
421,Jutai,BR,2021-10-22 04:43:33,-5.1833,-68.9,72.21,92,20,1.54
422,Flinders,AU,2021-10-22 04:43:33,-34.5833,150.8552,75.79,66,46,7.96
423,Sohag,EG,2021-10-22 04:43:34,26.557,31.6948,68.29,57,0,11.7
424,Kletskaya,RU,2021-10-22 04:43:34,49.3145,43.0584,47.61,82,78,19.44
425,Nalut,LY,2021-10-22 04:43:34,30.3333,10.85,66.33,45,3,12.44
426,Hamilton,US,2021-10-22 04:40:17,39.1834,-84.5333,53.24,83,1,1.99
427,Herat,AF,2021-10-22 04:43:35,34.5,62.0,45.63,61,39,17.65
428,Stratford-Upon-Avon,GB,2021-10-22 04:43:36,52.1917,-1.7073,47.14,86,14,11.59
429,Pacific Grove,US,2021-10-22 04:43:36,36.6177,-121.9166,63.57,91,20,1.01
430,Zyryanka,RU,2021-10-22 04:43:36,65.75,150.85,4.51,79,14,4.68
431,Sioux Lookout,CA,2021-10-22 04:42:18,50.1001,-91.917,34.18,80,90,4.61
432,Ibra,OM,2021-10-22 04:43:37,22.6906,58.5334,79.88,46,3,3.89
433,Goure,NE,2021-10-22 04:43:38,13.9835,10.2704,81.01,40,2,7.52
434,Strezhevoy,RU,2021-10-22 04:43:38,60.7333,77.5889,37.38,72,63,13.04
435,Touros,BR,2021-10-22 04:43:38,-5.1989,-35.4608,79.7,84,30,8.14
436,Okhotsk,RU,2021-10-22 04:43:39,59.3833,143.3,20.17,65,97,3.2
437,Sijunjung,ID,2021-10-22 04:43:40,-0.6876,100.9537,89.55,55,100,1.54
438,Aba,NG,2021-10-22 04:43:40,5.1066,7.3667,74.53,93,100,1.59
439,Burnie,AU,2021-10-22 04:43:41,-41.0667,145.9167,58.95,93,100,9.42
440,Terra Santa,BR,2021-10-22 04:43:41,-2.1042,-56.4869,73.54,95,93,1.95
441,Aden,YE,2021-10-22 04:43:42,12.7794,45.0367,84.34,64,11,6.17
442,Dakoro,NE,2021-10-22 04:43:42,14.5106,6.765,82.08,28,73,3.0
443,Guican,CO,2021-10-22 04:43:42,6.4618,-72.4113,46.17,90,85,1.61
444,Kaohsiung,TW,2021-10-22 04:43:43,22.6163,120.3133,84.15,65,75,5.99
445,Prince George,CA,2021-10-22 04:43:43,53.9166,-122.753,50.29,89,75,2.3
446,Lindi,TZ,2021-10-22 04:43:44,-10.0,39.7167,79.29,71,94,6.89
447,Yepifan,RU,2021-10-22 04:43:44,53.8253,38.5518,49.48,75,99,16.75
448,Athabasca,CA,2021-10-22 04:43:45,54.7169,-113.2854,35.42,69,0,7.76
449,Mabaruma,GY,2021-10-22 04:43:46,8.2,-59.7833,73.78,99,100,3.0
450,Marsh Harbour,BS,2021-10-22 04:43:46,26.5412,-77.0636,80.2,73,54,14.83
451,Bani,DO,2021-10-22 04:43:47,18.2833,-70.3333,79.86,83,96,6.73
452,Tazovskiy,RU,2021-10-22 04:43:47,67.4667,78.7,26.73,95,100,5.55
453,Lavrentiya,RU,2021-10-22 04:43:48,65.5833,-171.0,24.4,89,100,8.46
454,Kungurtug,RU,2021-10-22 04:43:48,50.5994,97.5228,44.76,26,8,1.23
455,Sao Felix Do Xingu,BR,2021-10-22 04:43:49,-6.6447,-51.995,73.06,98,99,0.78
456,Sumkino,RU,2021-10-22 04:43:49,58.1108,68.3244,33.12,72,79,10.56
457,Baykit,RU,2021-10-22 04:43:50,61.67,96.37,40.35,75,100,3.44
458,Portoferraio,IT,2021-10-22 04:43:50,42.8115,10.3146,69.96,84,100,10.47
459,Cabo San Lucas,MX,2021-10-22 04:43:51,22.8909,-109.9124,80.51,80,0,10.36
460,Nouadhibou,MR,2021-10-22 04:43:51,20.931,-17.0347,75.18,43,80,11.5
461,Saginaw,US,2021-10-22 04:43:51,43.3334,-84.0333,44.96,77,90,14.97
462,Deogarh,IN,2021-10-22 04:43:52,21.5333,84.7333,85.53,40,4,3.67
463,Opuwo,NA,2021-10-22 04:43:52,-18.0607,13.84,61.32,29,76,2.55
464,Ponta Delgada,PT,2021-10-22 04:43:53,37.7333,-25.6667,61.52,88,20,4.61
465,Zhanaozen,KZ,2021-10-22 04:42:50,43.3,52.8,50.07,58,51,15.61
466,Mackay,AU,2021-10-22 04:43:53,-21.15,149.2,87.67,62,75,17.27
467,Georgetown,MY,2021-10-22 04:43:54,5.4112,100.3354,87.75,67,40,5.01
468,Saint-Francois,FR,2021-10-22 04:43:54,46.4154,3.9054,48.47,100,40,4.61
469,Kimbe,PG,2021-10-22 04:43:55,-5.5502,150.1429,83.5,78,98,3.98
470,May Pen,JM,2021-10-22 04:43:55,17.9645,-77.2451,79.81,90,44,2.93
471,Vao,NC,2021-10-22 04:43:56,-22.6667,167.4833,73.13,76,96,5.95
472,Hervey Bay,AU,2021-10-22 04:43:56,-25.2986,152.8535,84.31,78,52,13.4
473,Naze,JP,2021-10-22 04:43:14,28.3667,129.4833,70.72,63,100,19.86
474,Alford,GB,2021-10-22 04:43:57,57.2326,-2.703,43.02,80,56,8.99
475,Simdega,IN,2021-10-22 04:43:57,22.6167,84.5167,79.83,48,2,6.2
476,Ancud,CL,2021-10-22 04:43:58,-41.8697,-73.8203,46.42,91,64,6.82
477,Henties Bay,NA,2021-10-22 04:43:58,-22.116,14.2845,51.85,86,1,4.16
478,Ayagoz,KZ,2021-10-22 04:43:59,47.9714,80.4392,37.83,64,100,14.18
479,Serowe,BW,2021-10-22 04:43:59,-22.3833,26.7167,68.13,40,88,7.47
480,Sao Miguel Do Araguaia,BR,2021-10-22 04:43:59,-13.275,-50.1628,79.09,70,97,3.29
481,Lago Da Pedra,BR,2021-10-22 04:44:00,-4.3333,-45.1667,73.65,95,91,3.36
482,Matiri,TZ,2021-10-22 04:44:00,-10.75,34.9,66.51,67,60,4.59
483,Muswellbrook,AU,2021-10-22 04:44:01,-32.2667,150.9,79.95,36,5,4.21
484,Komsomolskiy,UZ,2021-10-22 04:44:01,40.4272,71.7189,48.92,61,100,13.8
485,Imbituba,BR,2021-10-22 04:44:02,-28.24,-48.6703,65.82,87,12,9.71
486,Dukat,RU,2021-10-22 04:44:03,62.55,155.55,-5.62,88,19,0.65
487,Tura,IN,2021-10-22 04:42:08,25.5198,90.2201,78.49,50,4,3.24
488,Garissa,KE,2021-10-22 04:44:03,-0.4536,39.6401,78.53,71,70,17.87
489,Masinloc,PH,2021-10-22 04:44:04,15.5333,120.05,75.04,73,61,4.45
490,Shipitsyno,RU,2021-10-22 04:44:04,61.2806,46.5208,45.27,98,100,10.36
491,Mangrol,IN,2021-10-22 04:44:05,21.1167,70.1167,80.83,57,4,4.54
492,Taoudenni,ML,2021-10-22 04:42:35,22.6783,-3.9836,72.18,37,0,10.96
493,Batangafo,CF,2021-10-22 04:44:05,7.3008,18.2833,68.97,95,98,3.85
494,Ishnya,RU,2021-10-22 04:44:06,57.1907,39.36,51.67,80,100,19.46
495,Kyabram,AU,2021-10-22 04:44:06,-36.3167,145.05,81.88,31,11,8.79
496,Mount Pleasant,US,2021-10-22 04:44:07,32.7941,-79.8626,71.98,87,1,3.0
497,Woodland,US,2021-10-22 04:44:07,38.6785,-121.7733,67.6,84,75,1.01
498,Bacolod,PH,2021-10-22 04:44:08,10.6667,122.95,85.5,72,78,13.96
499,Alexandria,EG,2021-10-22 04:44:08,31.2156,29.9553,68.54,68,40,11.5
500,Muyinga,BI,2021-10-22 04:44:09,-2.8333,30.3333,62.26,84,88,0.49
501,Warrnambool,AU,2021-10-22 04:44:09,-38.3833,142.4833,59.81,92,100,9.75
502,Torrelavega,ES,2021-10-22 04:44:09,43.3494,-4.0479,55.17,87,78,5.99
503,Kalnciems,LV,2021-10-22 04:44:10,56.8011,23.6097,44.65,75,45,14.79
504,Rozhyshche,UA,2021-10-22 04:44:10,50.9154,25.2691,46.13,73,45,18.99
505,Nieuwkoop,NL,2021-10-22 04:44:11,52.1508,4.7764,54.05,75,40,14.0
506,Soanierana Ivongo,MG,2021-10-22 04:44:11,-16.9167,49.5833,79.48,62,22,2.89
507,Bermeo,ES,2021-10-22 04:44:12,43.4209,-2.7215,60.24,79,73,8.9
508,Kapit,MY,2021-10-22 04:44:12,2.0167,112.9333,81.36,78,100,3.89
509,Aykhal,RU,2021-10-22 04:44:13,66.0,111.5,28.94,97,100,4.27
510,Roseville,US,2021-10-22 04:44:13,38.7521,-121.288,68.59,85,90,1.01
511,Teya,RU,2021-10-22 04:44:14,60.3778,92.6267,44.38,68,97,6.87
512,Elko,US,2021-10-22 04:44:14,41.0002,-115.5012,52.65,43,43,3.0
513,Domingos Martins,BR,2021-10-22 04:44:14,-20.3633,-40.6592,63.41,96,97,1.32
514,Jalu,LY,2021-10-22 04:44:15,29.0331,21.5482,66.16,50,2,7.85
515,Maldonado,UY,2021-10-22 04:44:15,-34.6667,-54.9167,59.23,92,1,7.36
516,Pakxan,LA,2021-10-22 04:44:16,18.3778,103.6601,82.54,68,97,1.79
517,Iralaya,HN,2021-10-22 04:44:16,15.0,-83.2333,80.38,81,99,5.55
518,Arrifes,PT,2021-10-22 04:44:17,37.7667,-25.7,59.25,88,20,4.61
519,Gander,CA,2021-10-22 04:39:38,48.9682,-54.5906,37.53,81,20,15.01
520,Whitecourt,CA,2021-10-22 04:44:18,54.1502,-115.6855,38.44,60,20,9.22
521,Padang,ID,2021-10-22 04:44:18,-0.9492,100.3543,86.05,68,97,5.95
522,Corinto,GR,2021-10-22 04:44:18,37.9407,22.9573,65.44,81,1,5.01
523,Suleja,NG,2021-10-22 04:44:19,9.1758,7.1808,74.39,91,62,2.62
524,Amboasary,MG,2021-10-22 04:44:19,-25.0333,46.3833,67.84,62,5,2.8
525,Shimoda,JP,2021-10-22 04:44:20,34.6667,138.95,55.76,88,100,18.54
526,Bestobe,KZ,2021-10-22 04:44:21,52.4994,73.0975,39.09,50,59,22.21
527,Khorixas,NA,2021-10-22 04:44:21,-20.3667,14.9667,57.74,39,1,4.61
528,Broome,US,2021-10-22 04:44:21,42.2506,-75.833,59.2,79,90,7.0
529,Juru,MY,2021-10-22 04:44:22,5.312,100.4423,87.78,68,40,4.61
530,Boguchany,RU,2021-10-22 04:44:22,58.3814,97.4531,46.58,53,86,4.34
531,Mount Gambier,AU,2021-10-22 04:41:26,-37.8333,140.7667,62.51,67,90,9.22
532,Nakonde,ZM,2021-10-22 04:44:23,-9.3421,32.745,65.84,67,93,4.32
533,Mazagao,BR,2021-10-22 04:44:23,-0.115,-51.2894,82.45,94,92,2.59
534,Braganca,BR,2021-10-22 04:43:34,-1.0536,-46.7656,74.43,96,60,0.98
535,Colac,AU,2021-10-22 04:44:24,-38.3333,143.5833,64.17,70,95,7.96
536,Beira,MZ,2021-10-22 04:44:25,-19.8436,34.8389,64.49,93,20,5.99
537,Korla,CN,2021-10-22 04:44:25,41.7597,86.1469,61.9,22,87,13.4
538,Kruisfontein,ZA,2021-10-22 04:41:56,-34.0033,24.7314,61.88,88,100,7.05
539,Lubao,PH,2021-10-22 04:44:26,14.9167,120.55,89.67,65,95,5.44
540,Baruun-Urt,MN,2021-10-22 04:44:26,46.6806,113.2792,45.14,31,0,13.58
541,Black River,JM,2021-10-22 04:44:27,18.0264,-77.8487,80.6,84,38,3.42
542,Sur,OM,2021-10-22 04:44:27,22.5667,59.5289,85.48,49,2,2.37
543,Varhaug,NO,2021-10-22 04:44:28,58.6147,5.6457,41.49,59,100,29.68
544,Bubaque,GW,2021-10-22 04:44:28,11.2833,-15.8333,81.86,76,83,5.97
545,Puro,PH,2021-10-22 04:44:29,12.4841,123.3827,86.18,67,85,13.78
546,Iwanai,JP,2021-10-22 04:44:29,42.9744,140.5089,47.5,81,77,5.77
547,Yaan,NG,2021-10-22 04:44:30,7.3833,8.5667,72.27,97,100,5.73
548,Xining,CN,2021-10-22 04:44:30,36.6167,101.7667,48.63,58,63,6.67
549,Opelika,US,2021-10-22 04:41:07,32.6454,-85.3783,68.11,93,20,3.44
550,Arawa,PG,2021-10-22 04:44:31,-6.2132,155.5367,77.52,96,100,7.09
551,Los Llanos De Aridane,ES,2021-10-22 04:44:26,28.6585,-17.9182,69.55,90,90,16.11
552,Tullow,IE,2021-10-22 04:44:32,52.8003,-6.7369,47.34,80,97,10.11
553,Marystown,CA,2021-10-22 04:44:32,47.1666,-55.1483,48.85,100,26,3.0
554,Coos Bay,US,2021-10-22 04:44:33,43.3665,-124.2179,55.92,97,90,5.75
555,Nuevo Progreso,MX,2021-10-22 04:44:33,23.1667,-97.95,74.46,83,68,2.84
556,Skjervoy,NO,2021-10-22 04:44:34,70.0311,20.9714,35.6,63,100,27.89
557,Tarakan,ID,2021-10-22 04:44:34,3.3,117.6333,81.9,78,75,2.3
558,Iqaluit,CA,2021-10-22 04:40:31,63.7506,-68.5145,28.13,92,90,10.0
559,Matiguas,NI,2021-10-22 04:44:35,12.8373,-85.4622,71.29,95,84,1.66
560,Kearney,US,2021-10-22 04:44:30,40.6995,-99.0815,41.25,71,1,3.0
561,Urumqi,CN,2021-10-22 04:44:36,43.801,87.6005,50.95,35,0,6.71
562,Basco,PH,2021-10-22 04:44:36,20.4487,121.9702,81.18,80,84,22.01
